timestamp_eastern,open,high,low,close,volume,cd,cdv,vwap
"May 06, 2025 08:05:30 PM",5671.5,5673.0,5666.0,5667.0,1972,2409476652932,1885490643068,5669.744421906694
"May 06, 2025 08:13:19 PM",5667.25,5668.0,5661.75,5661.75,2030,2392296783588,1902670512412,5664.533620689655
"May 06, 2025 08:18:28 PM",5661.75,5665.5,5658.75,5663.25,1985,2284922601449,2010044694551,5662.143450881612
"May 06, 2025 08:24:41 PM",5663.0,5670.75,5662.75,5670.75,2279,1799591297583,2495375998417,5666.8513602457215
"May 06, 2025 08:30:00 PM",5670.75,5675.25,5669.25,5675.25,2276,1928440316382,2366526979618,5672.243409490334
"May 06, 2025 08:32:28 PM",5675.25,5681.5,5675.0,5677.25,2252,1872605741398,2422361554602,5678.745337477798
"May 06, 2025 08:42:34 PM",5677.5,5679.0,5675.5,5678.5,2266,2194728288084,2100239007916,5677.550970873786
"May 06, 2025 08:53:58 PM",5678.75,5681.0,5676.75,5677.75,2593,2199023255533,2095944040467,5678.456710374084
"May 06, 2025 09:01:51 PM",5677.5,5678.75,5673.5,5677.25,2312,2164663517192,2130303778808,5675.999891868512
"May 06, 2025 09:10:57 PM",5677.25,5680.75,5674.25,5677.0,2212,2070174236774,2224793059226,5677.752825497288
"May 06, 2025 09:19:48 PM",5677.0,5677.75,5670.25,5671.0,2122,2448131358334,1846835937666,5673.346960414703
"May 06, 2025 09:30:00 PM",5671.0,5673.0,5668.75,5671.25,2572,2065879269298,2229088026702,5671.0391718507
"May 06, 2025 09:38:25 PM",5671.0,5671.25,5665.75,5667.75,2063,2177548418847,2117418877153,5667.60603490063
"May 06, 2025 09:49:43 PM",5667.75,5669.75,5665.25,5669.0,2181,2246267895805,2048699400195,5667.688216414489
"May 06, 2025 10:01:29 PM",5669.0,5670.5,5665.5,5665.75,2124,2113123909468,2181843386532,5668.211982109228
"May 06, 2025 10:09:18 PM",5665.75,5666.75,5661.75,5662.0,2165,2379411881631,1915555414369,5663.835103926097
"May 06, 2025 10:21:48 PM",5662.0,5662.75,5660.25,5661.5,2261,2108828942279,2186138353721,5661.748562582928
"May 06, 2025 10:26:08 PM",5661.25,5662.25,5653.25,5654.25,2202,2546915605832,1748051690168,5656.8979336966395
"May 06, 2025 10:33:55 PM",5654.25,5658.75,5652.75,5658.5,2238,2014339661852,2280627634148,5656.230563002681
"May 06, 2025 10:44:43 PM",5658.5,5661.0,5655.0,5655.25,2075,2134598746239,2160368549761,5658.286265060241
"May 06, 2025 10:55:00 PM",5655.25,5656.5,5652.5,5654.5,2268,2297807503234,1997159792766,5654.675485008818
"May 06, 2025 11:09:04 PM",5654.5,5661.25,5654.0,5658.25,2182,1979979923440,2314987372560,5658.461503208066
"May 06, 2025 11:21:54 PM",5658.5,5663.5,5657.5,5658.0,2069,2164663517167,2130303778833,5660.761478975351
"May 06, 2025 11:38:34 PM",5658.0,5663.0,5656.75,5662.75,2166,2057289334902,2237677961098,5659.634926131117
"May 06, 2025 11:59:43 PM",5662.75,5663.25,5658.0,5659.25,2172,2117418877014,2177548418986,5660.028084714549
"May 07, 2025 12:16:22 AM",5659.25,5665.5,5658.25,5664.75,2408,1752346657392,2542620638608,5662.557516611296
"May 07, 2025 12:38:22 AM",5664.75,5666.0,5659.25,5659.25,2076,2452426325836,1842540970164,5663.139450867052
"May 07, 2025 01:02:53 AM",5659.25,5661.5,5656.75,5658.0,2150,2211908157314,2083059138686,5659.602558139535
"May 07, 2025 01:25:30 AM",5658.0,5659.5,5655.0,5657.25,2251,2126008811665,2168958484335,5657.555197689916
"May 07, 2025 01:39:07 AM",5657.25,5660.0,5653.5,5653.75,2471,2104533974965,2190433321035,5656.854815864022
"May 07, 2025 01:53:35 AM",5653.75,5655.0,5651.0,5652.5,2398,2319282339766,1975684956234,5652.79263969975
"May 07, 2025 02:08:45 AM",5652.75,5656.75,5650.25,5656.0,2196,2048699400194,2246267895806,5653.613729508197
"May 07, 2025 02:23:29 AM",5656.0,5657.5,5649.25,5649.5,2062,2443836391000,1851130905000,5653.159311348206
"May 07, 2025 02:33:06 AM",5649.25,5650.5,5646.0,5647.25,2205,2362232012427,1932735283573,5647.641836734694
"May 07, 2025 02:50:24 AM",5647.25,5652.0,5646.5,5651.5,1961,1984274890959,2310692405041,5649.256246812851
"May 07, 2025 03:01:15 AM",5652.0,5653.0,5650.0,5651.25,2103,2521145802575,1773821493425,5651.74179743224
"May 07, 2025 03:13:00 AM",5651.75,5654.5,5649.75,5649.75,1901,2061584302169,2233382993831,5652.973040504998
"May 07, 2025 03:22:22 AM",5649.75,5658.5,5649.75,5657.25,2228,1838246003248,2456721292752,5654.760884201077
"May 07, 2025 03:39:25 AM",5657.0,5659.5,5655.5,5656.0,2285,2061584302179,2233382993821,5657.4828227571115
"May 07, 2025 03:54:28 AM",5656.0,5660.5,5654.5,5658.5,2218,1872605741176,2422361554824,5657.264427412083
"May 07, 2025 04:02:40 AM",5658.5,5662.5,5657.5,5662.25,2388,1919850381526,2375116914474,5659.853433835846
"May 07, 2025 04:12:02 AM",5662.5,5662.5,5651.5,5652.25,2216,2572685409892,1722281886108,5656.949458483755
"May 07, 2025 04:26:40 AM",5652.25,5656.0,5651.75,5654.75,2307,1967095021623,2327872274377,5653.806566970091
"May 07, 2025 04:43:13 AM",5654.75,5661.0,5654.75,5659.5,2215,1894080577805,2400886718195,5658.60914221219
"May 07, 2025 04:58:26 AM",5659.25,5660.75,5654.5,5660.25,2236,2070174236792,2224793059208,5657.903622540251
"May 07, 2025 05:16:12 AM",5660.0,5662.5,5655.75,5659.0,2290,2181843386194,2113123909806,5659.683406113537
"May 07, 2025 05:34:41 AM",5659.0,5661.5,5653.0,5653.25,2086,2272037699428,2022929596572,5656.497962607862
"May 07, 2025 05:54:30 AM",5653.25,5661.0,5652.25,5659.25,2144,1902670512442,2392296783558,5658.027285447762
"May 07, 2025 06:03:26 AM",5658.5,5660.0,5651.25,5652.75,2134,2379411881676,1915555414324,5655.564667291472
"May 07, 2025 06:18:36 AM",5652.5,5660.0,5652.0,5657.25,2058,2095944040624,2199023255376,5656.380952380952
"May 07, 2025 06:42:51 AM",5657.25,5659.5,5654.5,5659.25,1997,1941325217925,2353642078075,5656.935528292439
"May 07, 2025 06:53:02 AM",5659.25,5663.75,5658.5,5659.75,2313,1988569858379,2306397437621,5661.213899697363
"May 07, 2025 07:03:22 AM",5660.0,5663.25,5658.5,5662.75,2249,2130303778809,2164663517191,5660.622054246332
"May 07, 2025 07:16:15 AM",5662.5,5666.0,5661.75,5664.5,2034,1803886264540,2491081031460,5663.913962635202
"May 07, 2025 07:27:57 AM",5664.5,5667.25,5661.0,5662.25,2400,2057289334834,2237677961166,5664.410625
"May 07, 2025 07:41:30 AM",5662.5,5663.0,5657.5,5658.0,2276,2388001816168,1906965479832,5660.631920035149
"May 07, 2025 07:49:59 AM",5658.25,5660.25,5655.25,5659.0,2456,1949915152638,2345052143362,5657.765370521172
"May 07, 2025 08:04:35 AM",5658.75,5660.5,5657.5,5658.25,2551,2246267895751,2048699400249,5659.197177577421
"May 07, 2025 08:07:20 AM",5658.0,5659.0,5650.25,5652.25,2411,2598455213225,1696512082775,5653.6600995437575
"May 07, 2025 08:10:08 AM",5652.5,5653.5,5646.0,5646.75,2243,2448131358409,1846835937591,5649.124944271066
"May 07, 2025 08:13:04 AM",5646.5,5648.0,5643.25,5646.75,1948,2280627634036,2014339661964,5645.5531314168375
"May 07, 2025 08:16:27 AM",5646.75,5648.25,5642.75,5647.75,1854,2048699400214,2246267895786,5645.497437971952
"May 07, 2025 08:22:02 AM",5647.75,5649.5,5643.5,5647.75,1991,1906965479629,2388001816371,5647.392139628328
"May 07, 2025 08:26:17 AM",5647.75,5650.75,5644.5,5645.75,2291,2379411881845,1915555414155,5647.823330423396
"May 07, 2025 08:30:01 AM",5646.0,5646.5,5641.75,5644.0,2306,2388001816348,1906965479652,5643.94774501301
"May 07, 2025 08:34:12 AM",5644.25,5648.5,5643.25,5644.75,2209,1971389989121,2323577306879,5646.179379809869
"May 07, 2025 08:40:54 AM",5644.25,5647.0,5642.5,5646.5,2082,2074469203942,2220498092058,5644.541906820365
"May 07, 2025 08:48:16 AM",5646.75,5650.0,5646.0,5649.0,2636,1846835937672,2448131358328,5648.110963581184
"May 07, 2025 08:51:59 AM",5649.25,5650.75,5645.5,5650.75,2583,2203318222655,2091649073345,5647.9618660472315
"May 07, 2025 08:55:56 AM",5651.0,5652.25,5646.5,5646.5,2446,2156073582586,2138893713414,5650.3413736713
"May 07, 2025 09:00:10 AM",5646.5,5647.75,5644.0,5644.5,2333,2473901162055,1821066133945,5645.730818688384
"May 07, 2025 09:01:49 AM",5644.75,5645.25,5639.75,5639.75,2137,2723009264921,1571958031079,5641.803696771174
"May 07, 2025 09:05:18 AM",5639.75,5642.75,5639.5,5641.0,2490,2095944040552,2199023255448,5641.006526104417
"May 07, 2025 09:07:01 AM",5641.0,5641.75,5636.25,5637.25,2219,2564095475257,1730871820743,5638.4122352411
"May 07, 2025 09:09:39 AM",5637.0,5638.25,5634.5,5635.0,2228,2246267895502,2048699400498,5636.575964991023
"May 07, 2025 09:13:08 AM",5635.0,5636.75,5634.0,5636.5,2196,1932735283360,2362232012640,5635.462204007286
"May 07, 2025 09:15:46 AM",5636.5,5637.0,5632.75,5636.0,2420,2345052143528,1949915152472,5634.916838842975
"May 07, 2025 09:18:01 AM",5636.0,5639.25,5635.75,5639.0,2335,1395864371869,2899102924131,5637.9007494646685
"May 07, 2025 09:22:01 AM",5638.75,5639.25,5634.5,5637.5,2404,2229088026468,2065879269532,5636.452579034942
"May 07, 2025 09:25:01 AM",5637.5,5640.75,5637.0,5639.25,2180,1868310774080,2426656521920,5639.3358944954125
"May 07, 2025 09:28:38 AM",5639.25,5640.5,5637.0,5638.5,2200,2121713844254,2173253451746,5638.897045454545
"May 07, 2025 09:30:04 AM",5638.5,5639.0,5634.75,5636.5,2306,2310692405008,1984274890992,5637.171509106678
"May 07, 2025 09:30:29 AM",5636.25,5637.5,5632.25,5633.75,2279,2362232012635,1932735283365,5634.574374725757
"May 07, 2025 09:31:01 AM",5634.0,5634.25,5631.5,5633.25,2102,2083059138648,2211908157352,5633.200761179829
"May 07, 2025 09:31:22 AM",5633.25,5639.5,5633.0,5639.5,2397,1391569404711,2903397891289,5636.055381727159
"May 07, 2025 09:31:46 AM",5639.75,5641.5,5637.75,5640.5,2247,1705102016941,2589865279059,5640.0015576323985
"May 07, 2025 09:32:04 AM",5640.5,5645.0,5640.25,5642.25,2485,1541893259761,2753074036239,5642.670120724346
"May 07, 2025 09:32:36 AM",5642.25,5644.25,5640.5,5640.5,2492,2229088026374,2065879269626,5642.415930979133
"May 07, 2025 09:32:59 AM",5640.5,5642.0,5637.25,5638.0,2331,2203318222637,2091649073363,5639.513513513513
"May 07, 2025 09:33:27 AM",5638.0,5642.0,5636.25,5638.5,2192,2087354105728,2207613190272,5639.078467153285
"May 07, 2025 09:34:10 AM",5638.5,5641.5,5638.5,5638.75,2147,1816771166381,2478196129619,5639.716697717746
"May 07, 2025 09:34:48 AM",5638.75,5641.25,5636.0,5639.0,2212,2040109465484,2254857830516,5638.035036166365
"May 07, 2025 09:35:19 AM",5639.0,5639.75,5635.25,5636.25,2182,2314987372162,1979979923838,5637.237511457379
"May 07, 2025 09:35:42 AM",5636.25,5636.5,5631.0,5631.0,2437,2572685409527,1722281886473,5633.669162905211
"May 07, 2025 09:36:12 AM",5631.0,5635.0,5631.0,5633.75,2322,2010044694580,2284922601420,5632.974052540913
"May 07, 2025 09:36:47 AM",5634.0,5637.25,5631.5,5637.0,2389,1984274890955,2310692405045,5634.127354541649
"May 07, 2025 09:37:21 AM",5637.0,5638.5,5633.75,5636.75,2402,1859720839136,2435246456864,5635.7643630308075
"May 07, 2025 09:38:19 AM",5636.5,5638.0,5633.0,5633.75,2148,2143188680730,2151778615270,5635.301210428305
"May 07, 2025 09:39:15 AM",5633.75,5638.5,5633.5,5635.75,2249,1838246002933,2456721293067,5636.10204535349
"May 07, 2025 09:40:04 AM",5635.75,5640.25,5634.75,5639.5,2244,1657857376740,2637109919260,5637.288101604278
"May 07, 2025 09:40:31 AM",5639.5,5642.0,5637.25,5642.0,2609,1808181231965,2486786064035,5640.0838443848215
"May 07, 2025 09:41:08 AM",5642.25,5645.75,5641.75,5645.75,2600,1799591297704,2495375998296,5643.2425
"May 07, 2025 09:41:52 AM",5645.75,5645.75,5641.75,5643.75,2515,2061584302201,2233382993799,5643.847614314115
"May 07, 2025 09:42:43 AM",5643.75,5645.5,5642.0,5643.0,2555,2048699400245,2246267895755,5643.720939334638
"May 07, 2025 09:43:48 AM",5643.0,5645.75,5642.5,5644.0,2638,2070174236570,2224793059430,5644.211902956786
"May 07, 2025 09:44:20 AM",5644.25,5648.25,5644.0,5647.5,2451,1370094568325,2924872727675,5646.572113423093
"May 07, 2025 09:45:05 AM",5647.75,5648.5,5645.5,5646.75,2607,2095944040305,2199023255695,5646.869677790564
"May 07, 2025 09:45:49 AM",5646.75,5648.25,5644.25,5647.0,2358,2237677961228,2057289334772,5646.173982188295
"May 07, 2025 09:46:25 AM",5647.0,5647.25,5642.5,5646.0,2302,2409476652858,1885490643142,5644.47513032146
"May 07, 2025 09:47:23 AM",5645.75,5648.0,5643.75,5647.0,2471,1992864825439,2302102470561,5645.913091865641
"May 07, 2025 09:48:21 AM",5647.0,5649.0,5645.25,5648.75,2433,1546188227225,2748779068775,5647.628339498561
"May 07, 2025 09:48:52 AM",5648.5,5649.5,5640.25,5640.25,3529,2873333119203,1421634176797,5645.780674412014
"May 07, 2025 09:48:59 AM",5640.25,5642.75,5638.0,5641.75,2738,2529735737136,1765231558864,5640.900748721695
"May 07, 2025 09:49:18 AM",5641.75,5642.75,5638.0,5638.25,2185,2503965933183,1791001362817,5640.363615560641
"May 07, 2025 09:49:29 AM",5638.25,5638.5,5632.25,5632.25,2062,3062311681138,1232655614862,5636.282613967022
"May 07, 2025 09:49:52 AM",5632.25,5637.0,5632.25,5636.75,2117,2164663517189,2130303778811,5634.922059518186
"May 07, 2025 09:50:19 AM",5636.75,5641.0,5635.5,5641.0,2573,1765231558987,2529735737013,5637.8044111931595
"May 07, 2025 09:51:04 AM",5641.0,5641.0,5635.5,5637.0,2321,2443836391115,1851130904885,5637.948728996123
"May 07, 2025 09:51:37 AM",5637.0,5642.25,5636.75,5639.25,2347,1906965479777,2388001816223,5640.040370685982
"May 07, 2025 09:52:33 AM",5639.0,5640.5,5636.25,5640.25,2511,2186138353343,2108828942657,5638.438172043011
"May 07, 2025 09:53:18 AM",5640.0,5644.25,5640.0,5644.0,2483,1640677507523,2654289788477,5642.239730165123
"May 07, 2025 09:54:00 AM",5644.0,5645.5,5641.75,5642.25,2401,2302102470507,1992864825493,5643.949916701375
"May 07, 2025 09:54:35 AM",5642.25,5643.25,5639.0,5641.0,2645,2503965933261,1791001362739,5640.928733459357
"May 07, 2025 09:55:32 AM",5641.0,5646.0,5640.5,5646.0,2398,1584842932618,2710124363382,5643.11394912427
"May 07, 2025 09:56:12 AM",5646.0,5648.75,5645.5,5647.25,2675,2031519531483,2263447764517,5647.125887850468
"May 07, 2025 09:57:01 AM",5647.25,5650.0,5647.0,5649.25,2447,1906965479771,2388001816229,5648.727217000409
"May 07, 2025 09:57:28 AM",5649.0,5652.5,5649.0,5650.5,2461,1748051689927,2546915606073,5651.116619260463
"May 07, 2025 09:58:22 AM",5650.5,5652.0,5648.0,5648.75,2309,2615635082903,1679332213097,5650.306193157211
"May 07, 2025 09:59:26 AM",5648.5,5652.25,5647.75,5651.75,2336,1941325218104,2353642077896,5650.023865582192
"May 07, 2025 10:00:12 AM",5651.75,5652.5,5649.0,5649.25,2457,2375116914465,1919850381535,5650.496133496134
"May 07, 2025 10:00:44 AM",5649.0,5649.25,5646.25,5648.75,2366,2345052143336,1949915152664,5647.836327134404
"May 07, 2025 10:01:41 AM",5648.75,5651.5,5648.25,5650.0,2673,1881195675947,2413771620053,5649.748690609802
"May 07, 2025 10:03:02 AM",5650.0,5652.0,5648.5,5650.5,2649,2040109465609,2254857830391,5650.247074367686
"May 07, 2025 10:04:26 AM",5650.5,5651.75,5648.75,5649.25,2459,2332167241733,1962800054267,5650.377185847906
"May 07, 2025 10:05:20 AM",5649.25,5653.25,5648.75,5652.25,2284,1327144895190,2967822400810,5651.167578809107
"May 07, 2025 10:05:55 AM",5652.25,5652.75,5647.25,5647.25,2456,2680059592070,1614907703930,5650.17457247557
"May 07, 2025 10:06:33 AM",5647.25,5650.0,5646.0,5649.0,2400,2302102470664,1992864825336,5647.960625
"May 07, 2025 10:07:17 AM",5649.25,5653.75,5649.0,5653.75,2442,1331439862550,2963527433450,5651.925470925471
"May 07, 2025 10:08:00 AM",5653.5,5654.25,5650.75,5651.25,2461,2126008811603,2168958484397,5652.943214140593
"May 07, 2025 10:09:12 AM",5651.0,5654.0,5650.25,5653.0,2482,1992864825544,2302102470456,5652.642324738114
"May 07, 2025 10:10:46 AM",5653.0,5654.5,5651.75,5654.0,2543,1975684956517,2319282339483,5653.028706252458
"May 07, 2025 10:12:00 AM",5654.25,5655.25,5651.5,5651.5,2475,2126008811473,2168958484527,5653.759595959596
"May 07, 2025 10:13:01 AM",5651.5,5654.25,5650.25,5650.5,2693,2430951489511,1864015806489,5651.7490716672855
"May 07, 2025 10:13:54 AM",5650.25,5652.0,5648.5,5651.5,2214,2499670966040,1795296329960,5650.074412827462
"May 07, 2025 10:15:45 AM",5651.5,5653.0,5649.75,5650.5,2372,2121713844166,2173253451834,5651.435497470489
"May 07, 2025 10:17:00 AM",5650.5,5652.0,5647.75,5648.5,2353,2710124363103,1584842932897,5649.43317042074
"May 07, 2025 10:17:57 AM",5648.5,5652.75,5646.75,5652.75,2618,2005749727350,2289217568650,5649.880443086326
"May 07, 2025 10:19:25 AM",5653.0,5653.75,5650.0,5650.0,2597,2241972928355,2052994367645,5652.405467847517
"May 07, 2025 10:21:20 AM",5650.0,5653.5,5649.5,5651.0,2744,2207613190014,2087354105986,5651.520590379008
"May 07, 2025 10:22:45 AM",5651.0,5653.75,5647.0,5648.75,2826,2546915605742,1748051690258,5650.208952583156
"May 07, 2025 10:23:47 AM",5648.5,5652.25,5646.75,5652.0,2402,1932735283504,2362232012496,5649.032472939218
"May 07, 2025 10:25:00 AM",5652.25,5654.5,5652.0,5653.5,2650,1962800054550,2332167241450,5653.585754716981
"May 07, 2025 10:26:37 AM",5653.75,5654.0,5649.25,5652.25,2785,2396591751023,1898375544977,5651.524955116696
"May 07, 2025 10:28:30 AM",5652.0,5656.5,5651.5,5656.0,2460,1503238554142,2791728741858,5653.884654471544
"May 07, 2025 10:29:19 AM",5656.0,5656.25,5654.0,5655.0,2257,1292785156557,3002182139443,5655.328976517501
"May 07, 2025 10:31:49 AM",5655.0,5656.5,5654.0,5656.25,2750,2108828942434,2186138353566,5654.9949090909095
"May 07, 2025 10:33:15 AM",5656.25,5656.25,5652.0,5652.25,2887,2456721292625,1838246003375,5654.196657429858
"May 07, 2025 10:34:32 AM",5652.5,5654.5,5650.5,5652.5,2817,2456721292789,1838246003211,5652.172435214768
"May 07, 2025 10:36:26 AM",5652.5,5654.0,5651.0,5653.25,2844,2164663517252,2130303778748,5652.418776371308
"May 07, 2025 10:39:07 AM",5653.0,5654.75,5651.25,5651.75,2599,2375116914445,1919850381555,5653.173143516738
"May 07, 2025 10:41:14 AM",5651.5,5654.25,5651.0,5652.75,2927,2280627634067,2014339661933,5652.561581824393
"May 07, 2025 10:44:15 AM",5652.75,5654.25,5651.5,5653.0,2697,2211908157263,2083059138737,5652.974972191324
"May 07, 2025 10:46:55 AM",5653.25,5655.25,5651.5,5653.25,2846,1924145348894,2370821947106,5653.586964160225
"May 07, 2025 10:48:57 AM",5653.25,5653.5,5650.0,5650.0,2799,2529735736889,1765231559111,5651.470882458021
"May 07, 2025 10:49:40 AM",5650.0,5650.75,5647.0,5647.75,2371,2963527433443,1331439862557,5648.488190636862
"May 07, 2025 10:50:03 AM",5647.75,5648.25,5644.25,5644.5,2282,3113851288746,1181116007254,5645.850679228747
"May 07, 2025 10:50:27 AM",5644.5,5647.5,5643.0,5644.25,2455,2194728288217,2100239007783,5645.393890020367
"May 07, 2025 10:50:58 AM",5644.25,5646.5,5641.75,5642.25,2361,2478196129399,1816771166601,5643.862134688691
"May 07, 2025 10:51:43 AM",5642.25,5644.25,5640.5,5641.25,2612,2306397437632,1988569858368,5642.785987748852
"May 07, 2025 10:52:18 AM",5641.0,5642.75,5638.75,5640.5,2681,2319282339507,1975684956493,5640.546624393883
"May 07, 2025 10:53:00 AM",5640.5,5640.5,5637.5,5638.25,2667,2177548418829,2117418877171,5638.495594300713
"May 07, 2025 10:53:37 AM",5638.5,5640.0,5636.5,5637.0,2743,1997159792563,2297807503437,5638.024152387897
"May 07, 2025 10:54:04 AM",5637.0,5638.0,5633.0,5633.0,2630,2804613643442,1490353652558,5635.324809885931
"May 07, 2025 10:54:17 AM",5633.0,5633.75,5629.25,5630.5,2565,2671469657413,1623497638587,5631.332066276803
"May 07, 2025 10:54:36 AM",5630.75,5631.75,5628.0,5630.25,2706,1997159792712,2297807503288,5629.732723577235
"May 07, 2025 10:55:06 AM",5630.25,5632.25,5627.75,5632.25,3014,1872605741184,2422361554816,5630.082531519575
"May 07, 2025 10:55:36 AM",5632.0,5632.5,5627.5,5628.5,2586,2181843386264,2113123909736,5629.79369682908
"May 07, 2025 10:56:05 AM",5628.5,5630.25,5626.25,5626.25,2996,2314987372408,1979979923592,5628.182076101469
"May 07, 2025 10:56:41 AM",5626.5,5631.0,5626.5,5629.75,2718,1833951035478,2461016260522,5628.88097866078
"May 07, 2025 10:57:27 AM",5629.5,5630.25,5627.0,5627.25,2832,2211908157186,2083059138814,5628.48093220339
"May 07, 2025 10:58:20 AM",5627.25,5631.0,5627.0,5630.75,2757,1696512082177,2598455213823,5628.575897714907
"May 07, 2025 10:58:48 AM",5630.75,5633.25,5630.5,5632.0,2646,1687922147632,2607045148368,5631.985166288738
"May 07, 2025 10:59:25 AM",5632.25,5634.0,5630.0,5632.75,3025,1928440315857,2366526980143,5631.914958677686
"May 07, 2025 11:00:10 AM",5632.75,5633.5,5629.5,5631.25,3056,2263447764608,2031519531392,5631.514888743455
"May 07, 2025 11:00:59 AM",5631.0,5631.25,5628.25,5628.5,2595,2379411881935,1915555414065,5629.285163776493
"May 07, 2025 11:01:12 AM",5628.5,5629.0,5624.5,5625.0,2479,3234110372891,1060856923109,5625.943424768052
"May 07, 2025 11:01:50 AM",5625.0,5626.75,5624.25,5625.75,2662,2095944040642,2199023255358,5625.427873779114
"May 07, 2025 11:02:25 AM",5625.5,5626.75,5622.5,5623.0,2618,2701534428532,1593432867468,5624.645912910619
"May 07, 2025 11:02:58 AM",5623.0,5628.0,5623.0,5624.5,2559,2001454760081,2293512535919,5625.140777647519
"May 07, 2025 11:04:05 AM",5624.25,5626.0,5623.25,5625.75,2620,1859720839282,2435246456718,5624.4958015267175
"May 07, 2025 11:04:35 AM",5625.75,5630.25,5625.5,5628.0,2753,1597727834817,2697239461183,5628.638031238649
"May 07, 2025 11:05:39 AM",5628.25,5630.5,5626.0,5629.25,2900,2010044694718,2284922601282,5628.335948275862
"May 07, 2025 11:06:30 AM",5629.0,5631.5,5627.0,5627.5,2789,2216203124769,2078764171231,5629.735030476873
"May 07, 2025 11:07:12 AM",5627.5,5628.25,5622.75,5622.75,2750,2697239461298,1597727834702,5625.9866363636365
"May 07, 2025 11:08:02 AM",5622.75,5627.75,5622.75,5626.0,2705,2083059138719,2211908157281,5625.281330868762
"May 07, 2025 11:08:57 AM",5626.0,5632.0,5625.5,5631.0,2903,1735166788219,2559800507781,5628.512142611092
"May 07, 2025 11:09:48 AM",5631.0,5631.5,5624.5,5628.25,2524,2237677960888,2057289335112,5628.146889857369
"May 07, 2025 11:10:42 AM",5628.25,5632.0,5627.75,5631.5,2429,1722281886157,2572685409843,5629.93598188555
"May 07, 2025 11:12:11 AM",5631.5,5631.5,5628.75,5629.5,2649,2276332666643,2018634629357,5630.054265760665
"May 07, 2025 11:13:12 AM",5629.5,5630.0,5624.5,5624.5,2485,2486786063843,1808181232157,5627.016700201208
"May 07, 2025 11:13:34 AM",5624.5,5624.75,5621.0,5621.0,2433,2864743185801,1430224110199,5622.675914508837
"May 07, 2025 11:14:05 AM",5621.0,5623.25,5620.0,5623.0,2736,2336462208558,1958505087442,5621.183022660819
"May 07, 2025 11:15:07 AM",5623.0,5623.5,5620.75,5622.0,2586,1932735283280,2362232012720,5622.045630317092
"May 07, 2025 11:16:09 AM",5622.0,5625.75,5621.75,5625.25,2563,1735166787857,2559800508143,5623.313694888802
"May 07, 2025 11:16:58 AM",5625.25,5628.5,5623.75,5624.0,2351,1992864825489,2302102470511,5626.410569970226
"May 07, 2025 11:18:10 AM",5623.75,5627.25,5622.5,5626.75,2350,2027224563842,2267742732158,5624.686489361702
"May 07, 2025 11:20:01 AM",5626.75,5627.5,5624.75,5625.75,2592,2104533974974,2190433321026,5625.93287037037
"May 07, 2025 11:21:03 AM",5625.5,5628.5,5622.75,5625.5,2471,2156073582607,2138893713393,5625.49251315257
"May 07, 2025 11:21:48 AM",5625.5,5632.0,5625.5,5631.75,2272,1245540516724,3049426779276,5629.270136443662
"May 07, 2025 11:22:36 AM",5631.5,5631.75,5626.0,5626.0,2344,2392296783590,1902670512410,5629.1029223549485
"May 07, 2025 11:23:58 AM",5626.25,5630.5,5625.75,5628.0,2510,2134598746072,2160368549928,5628.848406374502
"May 07, 2025 11:25:51 AM",5628.0,5629.75,5627.5,5627.75,2617,2134598746055,2160368549945,5628.557222009935
"May 07, 2025 11:27:24 AM",5627.75,5629.25,5625.25,5625.5,2440,2323577307058,1971389988942,5627.007274590164
"May 07, 2025 11:28:52 AM",5625.5,5627.75,5624.25,5624.75,2512,2284922601296,2010044694704,5625.827030254777
"May 07, 2025 11:30:07 AM",5625.0,5630.0,5625.0,5627.75,2677,1838246002891,2456721293109,5627.783246171087
"May 07, 2025 11:31:36 AM",5627.75,5629.75,5625.0,5626.75,2235,2087354105989,2207613190011,5627.754586129754
"May 07, 2025 11:33:07 AM",5626.75,5630.5,5626.5,5629.25,2717,1971389988965,2323577307035,5628.662679425837
"May 07, 2025 11:35:02 AM",5629.25,5629.75,5625.25,5626.75,2512,2168958484326,2126008811674,5627.262141719745
"May 07, 2025 11:36:29 AM",5626.5,5629.5,5625.5,5625.5,2643,2147483647987,2147483648013,5627.521282633371
"May 07, 2025 11:37:51 AM",5625.5,5628.75,5623.75,5627.25,2365,2220498091903,2074469204097,5626.049788583509
"May 07, 2025 11:38:50 AM",5627.25,5632.0,5627.25,5631.25,2607,1692217115093,2602750180907,5630.296797084772
"May 07, 2025 11:40:30 AM",5631.25,5631.75,5628.5,5631.0,2604,2087354105776,2207613190224,5630.455453149001
"May 07, 2025 11:41:12 AM",5631.0,5634.0,5630.25,5632.5,2429,1430224110215,2864743185785,5632.998353231783
"May 07, 2025 11:41:49 AM",5632.5,5636.0,5632.5,5635.75,2583,1284195222275,3010772073725,5634.842431281456
"May 07, 2025 11:43:02 AM",5636.0,5636.5,5634.75,5635.75,2693,2091649073189,2203318222811,5635.763924990717
"May 07, 2025 11:44:17 AM",5635.75,5638.0,5635.5,5637.0,2399,1949915152713,2345052143287,5636.933618174239
"May 07, 2025 11:46:05 AM",5637.0,5637.75,5635.5,5637.75,2715,2375116914435,1919850381565,5636.706445672192
"May 07, 2025 11:47:08 AM",5637.0,5637.75,5632.25,5632.25,2697,2894807956573,1400159339427,5634.58787541713
"May 07, 2025 11:47:45 AM",5632.25,5633.25,5629.0,5629.0,2398,2667174690328,1627792605672,5630.935675562969
"May 07, 2025 11:48:24 AM",5629.0,5629.25,5625.75,5626.75,2292,2598455213708,1696512082292,5627.487456369982
"May 07, 2025 11:49:16 AM",5627.0,5627.25,5624.0,5626.75,2467,2186138353619,2108828942381,5625.345764085934
"May 07, 2025 11:50:25 AM",5626.75,5627.5,5624.5,5626.5,2984,1924145349050,2370821946950,5625.948140080429
"May 07, 2025 11:51:03 AM",5626.5,5627.0,5622.5,5625.5,2540,2516850835208,1778116460792,5624.53562992126
"May 07, 2025 11:52:06 AM",5625.5,5629.0,5624.5,5628.5,2412,1765231559140,2529735736860,5626.847533167496
"May 07, 2025 11:52:57 AM",5628.5,5633.0,5627.5,5632.75,2556,1795296330072,2499670965928,5630.424784820031
"May 07, 2025 11:53:56 AM",5632.75,5635.0,5632.0,5633.75,2608,2220498091912,2074469204088,5633.518692484663
"May 07, 2025 11:55:30 AM",5633.75,5635.25,5631.25,5634.0,2589,2405181685647,1889785610353,5633.276651216686
"May 07, 2025 11:56:57 AM",5634.0,5636.75,5632.5,5636.25,2544,1937030250740,2357937045260,5634.823604559749
"May 07, 2025 11:58:29 AM",5636.5,5637.5,5634.25,5635.75,2518,2289217568630,2005749727370,5636.158657664813
"May 07, 2025 12:00:15 PM",5635.5,5636.5,5633.75,5634.0,3046,2168958484474,2126008811526,5635.456007879186
"May 07, 2025 12:02:01 PM",5634.0,5637.5,5633.25,5637.0,2798,2194728288226,2100239007774,5635.963902787706
"May 07, 2025 12:04:07 PM",5636.75,5637.25,5633.75,5634.75,2761,2336462209005,1958505086995,5635.502625860196
"May 07, 2025 12:05:32 PM",5634.5,5639.0,5634.0,5637.75,2519,1404454306523,2890512989477,5637.068678046844
"May 07, 2025 12:06:41 PM",5637.75,5639.0,5633.5,5634.0,2502,2469606194888,1825361101112,5635.994804156675
"May 07, 2025 12:07:24 PM",5633.75,5635.75,5630.5,5635.5,2837,2727304232521,1567663063479,5632.863500176242
"May 07, 2025 12:09:05 PM",5635.75,5637.75,5633.25,5636.25,2520,1997159792746,2297807503254,5635.699107142857
"May 07, 2025 12:11:30 PM",5636.25,5638.5,5634.5,5636.0,2785,2035814498421,2259152797579,5636.703231597846
"May 07, 2025 12:14:50 PM",5636.0,5637.75,5634.5,5636.25,2694,2297807503182,1997159792818,5636.251484780994
"May 07, 2025 12:17:28 PM",5636.25,5637.5,5633.5,5636.0,2655,2332167241519,1962800054481,5635.153389830509
"May 07, 2025 12:18:44 PM",5636.0,5639.5,5635.5,5636.25,2512,1735166787988,2559800508012,5637.809116242038
"May 07, 2025 12:20:15 PM",5636.25,5641.0,5636.0,5639.75,2320,1576252998092,2718714297908,5639.316702586207
"May 07, 2025 12:21:26 PM",5639.75,5640.0,5632.75,5632.75,2711,2645699853629,1649267442371,5636.756086315013
"May 07, 2025 12:22:47 PM",5632.75,5634.75,5631.25,5632.0,2408,2426656521946,1868310774054,5632.99532807309
"May 07, 2025 12:24:03 PM",5631.75,5632.5,5629.5,5631.0,2309,2529735736859,1765231559141,5630.605240363794
"May 07, 2025 12:26:06 PM",5631.0,5633.25,5629.5,5632.5,2584,1846835937614,2448131358386,5631.460913312693
"May 07, 2025 12:27:42 PM",5632.5,5634.5,5631.0,5633.0,2856,2147483648116,2147483647884,5632.728728991597
"May 07, 2025 12:29:09 PM",5633.0,5633.5,5627.75,5627.75,2620,2851858283838,1443109012162,5630.379580152672
"May 07, 2025 12:30:48 PM",5627.75,5630.5,5627.5,5629.75,2879,2134598746185,2160368549815,5628.885724209795
"May 07, 2025 12:32:21 PM",5629.75,5631.75,5627.25,5631.0,2838,2061584302088,2233382993912,5629.5342670895
"May 07, 2025 12:35:02 PM",5631.0,5633.25,5630.75,5632.0,2466,1967095021834,2327872274166,5632.004866180048
"May 07, 2025 12:38:01 PM",5631.75,5634.0,5630.5,5632.5,2562,2040109465680,2254857830320,5632.315671350508
"May 07, 2025 12:40:22 PM",5632.5,5636.5,5631.0,5636.5,2421,1550483194433,2744484101567,5634.582197439075
"May 07, 2025 12:41:38 PM",5636.25,5640.75,5636.25,5640.0,3058,1937030251070,2357937044930,5639.020846958797
"May 07, 2025 12:43:00 PM",5640.0,5642.0,5637.75,5638.75,2824,2143188680714,2151778615286,5640.298512747875
"May 07, 2025 12:45:07 PM",5638.75,5642.5,5638.25,5642.25,3180,1954210119968,2340757176032,5640.654323899371
"May 07, 2025 12:47:11 PM",5642.25,5642.5,5639.0,5640.0,3153,2405181685311,1889785610689,5640.91079923882
"May 07, 2025 12:49:07 PM",5640.0,5643.75,5639.75,5641.75,3016,1791001362710,2503965933290,5642.0556200265255
"May 07, 2025 12:51:58 PM",5641.75,5643.25,5639.75,5642.5,2829,2375116914393,1919850381607,5641.78278543655
"May 07, 2025 12:53:42 PM",5642.25,5645.5,5641.5,5645.25,3065,1670742278687,2624225017313,5644.130913539967
"May 07, 2025 12:55:06 PM",5645.25,5647.75,5645.0,5647.75,2838,1885490643374,2409476652626,5646.416842847076
"May 07, 2025 12:56:55 PM",5647.75,5650.0,5645.75,5650.0,3239,1984274890963,2310692405037,5647.856591540599
"May 07, 2025 12:58:39 PM",5649.75,5650.75,5647.75,5648.5,3490,2448131358394,1846835937606,5649.511676217765
"May 07, 2025 01:00:17 PM",5648.5,5650.75,5647.25,5649.5,3756,2375116914636,1919850381364,5649.203674121406
"May 07, 2025 01:02:46 PM",5649.5,5650.75,5647.5,5648.5,3232,2293512536226,2001454759774,5649.158106435643
"May 07, 2025 01:04:52 PM",5648.75,5652.75,5648.25,5651.25,2606,1717986918884,2576980377116,5651.270145817344
"May 07, 2025 01:08:22 PM",5651.25,5651.75,5649.75,5650.0,2961,2418066587399,1876900708601,5650.687352245863
"May 07, 2025 01:12:11 PM",5650.0,5651.75,5649.25,5651.0,2988,2048699400404,2246267895596,5650.621151271754
"May 07, 2025 01:14:00 PM",5651.0,5655.5,5650.25,5654.25,2707,1675037245987,2619930050013,5653.348448466938
"May 07, 2025 01:17:15 PM",5654.25,5654.75,5652.0,5653.75,2598,2585570311774,1709396984226,5653.551770592764
"May 07, 2025 01:20:00 PM",5653.75,5654.0,5649.75,5649.75,2735,2430951489197,1864015806803,5651.497623400365
"May 07, 2025 01:21:13 PM",5649.75,5650.25,5646.25,5646.25,2520,2864743185690,1430224110310,5648.149206349206
"May 07, 2025 01:23:04 PM",5646.25,5649.25,5645.0,5649.25,2539,1825361101115,2469606194885,5646.767821977156
"May 07, 2025 01:24:45 PM",5649.25,5653.25,5647.5,5652.75,2734,1644972474954,2649994821046,5650.689831748354
"May 07, 2025 01:27:42 PM",5653.0,5653.75,5649.25,5650.5,2544,2362232012462,1932735283538,5651.426690251572
"May 07, 2025 01:31:01 PM",5650.5,5651.25,5648.25,5649.5,2708,2207613190002,2087354105998,5649.748707533235
"May 07, 2025 01:33:41 PM",5649.5,5650.5,5645.75,5646.0,2992,2340757176042,1954210119958,5648.155414438503
"May 07, 2025 01:35:43 PM",5646.0,5647.0,5642.5,5642.5,2593,2551210573445,1743756722555,5644.942826841497
"May 07, 2025 01:36:49 PM",5642.5,5642.5,5639.25,5640.75,2531,2237677960811,2057289335189,5641.25977874358
"May 07, 2025 01:38:39 PM",5640.75,5641.5,5638.0,5640.0,2897,2035814498279,2259152797721,5639.747497411115
"May 07, 2025 01:40:42 PM",5640.0,5642.0,5638.5,5639.0,2917,1894080577733,2400886718267,5640.377271169009
"May 07, 2025 01:42:57 PM",5638.75,5642.25,5638.25,5641.75,2915,1868310774261,2426656521739,5640.2018010291595
"May 07, 2025 01:45:02 PM",5641.75,5643.25,5637.75,5638.0,2502,2224793059136,2070174236864,5640.961530775379
"May 07, 2025 01:47:27 PM",5637.75,5643.5,5637.75,5642.75,2514,1803886264646,2491081031354,5641.136336515513
"May 07, 2025 01:50:49 PM",5642.75,5644.5,5641.0,5641.0,2961,2126008811405,2168958484595,5642.801502870652
"May 07, 2025 01:51:47 PM",5641.0,5643.75,5635.5,5635.75,4541,2546915604983,1748051691017,5639.704910812597
"May 07, 2025 01:51:55 PM",5635.5,5638.5,5633.5,5635.0,3950,2250562863270,2044404432730,5636.003481012658
"May 07, 2025 01:52:20 PM",5635.0,5638.25,5631.5,5632.75,2910,2413771620030,1881195675970,5634.352233676976
"May 07, 2025 01:53:01 PM",5632.75,5636.5,5630.0,5630.0,2372,2323577307050,1971389988950,5633.153351602024
"May 07, 2025 01:53:27 PM",5630.0,5630.25,5626.25,5627.5,2214,2357937045288,1937030250712,5628.178410117434
"May 07, 2025 01:53:55 PM",5627.5,5632.25,5624.5,5632.0,2420,2095944040686,2199023255314,5628.174070247934
"May 07, 2025 01:54:42 PM",5632.0,5633.25,5627.25,5629.5,2044,2138893713514,2156073582486,5629.79586594912
"May 07, 2025 01:55:24 PM",5629.75,5631.0,5624.5,5626.5,2283,2400886718199,1894080577801,5627.443495400788
"May 07, 2025 01:56:55 PM",5626.5,5630.5,5626.0,5627.25,2204,2061584302164,2233382993836,5628.038793103448
"May 07, 2025 01:58:39 PM",5627.25,5634.0,5625.5,5632.0,2063,1735166787863,2559800508137,5630.018540959767
"May 07, 2025 02:00:02 PM",5632.75,5641.0,5626.5,5635.75,2340,2074469204004,2220498091996,5631.831303418803
"May 07, 2025 02:00:16 PM",5635.75,5640.0,5621.25,5631.75,1757,2581275344587,1713691951413,5627.9533295389865
"May 07, 2025 02:00:31 PM",5631.75,5637.0,5628.25,5633.25,1588,2083059138730,2211908157270,5633.280698992443
"May 07, 2025 02:00:56 PM",5633.0,5636.0,5630.25,5633.25,1509,2143188680695,2151778615305,5633.117793240556
"May 07, 2025 02:01:37 PM",5633.0,5636.25,5630.0,5636.25,1789,2087354105961,2207613190039,5632.300586920067
"May 07, 2025 02:02:06 PM",5636.25,5642.25,5632.5,5640.0,1876,1739461755366,2555505540634,5637.764259061833
"May 07, 2025 02:02:48 PM",5639.5,5641.25,5635.5,5636.75,1940,2388001816190,1906965479810,5637.948840206185
"May 07, 2025 02:03:34 PM",5636.5,5637.25,5630.75,5635.0,1974,2280627633994,2014339662006,5633.711626139818
"May 07, 2025 02:04:47 PM",5635.0,5635.5,5631.0,5632.75,2080,2173253451450,2121713844550,5633.455168269231
"May 07, 2025 02:05:31 PM",5633.0,5633.75,5626.5,5627.25,1743,2576980377225,1717986918775,5629.477337923121
"May 07, 2025 02:06:06 PM",5627.0,5627.75,5621.25,5621.75,2077,2667174690217,1627792605783,5625.068849301878
"May 07, 2025 02:06:17 PM",5621.5,5621.75,5617.0,5618.0,1958,2946347564266,1348619731734,5618.9417773238
"May 07, 2025 02:06:33 PM",5618.0,5618.25,5613.0,5614.0,2086,2551210573308,1743756722692,5615.457694151486
"May 07, 2025 02:06:46 PM",5613.75,5615.0,5608.75,5609.5,2137,2525440769359,1769526526641,5611.33247543285
"May 07, 2025 02:07:03 PM",5609.5,5611.25,5606.0,5606.25,2277,2237677960837,2057289335163,5608.909310496267
"May 07, 2025 02:07:20 PM",5606.25,5607.5,5604.25,5607.0,2084,2267742732236,2027224563764,5606.115403071018
"May 07, 2025 02:07:36 PM",5607.0,5611.75,5606.75,5611.25,2053,1717986918881,2576980377119,5609.909279103751
"May 07, 2025 02:08:01 PM",5611.0,5615.75,5609.0,5609.25,2097,2018634629381,2276332666619,5612.242250834525
"May 07, 2025 02:08:19 PM",5609.25,5610.25,5602.25,5602.75,2242,2680059591818,1614907704182,5605.76683764496
"May 07, 2025 02:08:37 PM",5602.75,5603.75,5600.75,5602.0,1994,2405181685562,1889785610438,5601.967026078235
"May 07, 2025 02:08:49 PM",5602.25,5603.5,5596.25,5596.75,2286,2568390442372,1726576853628,5599.496172353456
"May 07, 2025 02:09:06 PM",5596.75,5601.5,5596.0,5598.5,2306,2121713844308,2173253451692,5599.151886383348
"May 07, 2025 02:09:26 PM",5598.25,5604.75,5597.5,5601.75,1957,1795296330167,2499670965833,5601.374425140521
"May 07, 2025 02:10:04 PM",5601.75,5603.25,5600.25,5600.25,2034,2087354105930,2207613190070,5601.777900688299
"May 07, 2025 02:10:24 PM",5600.25,5606.0,5598.75,5603.0,2041,1722281886059,2572685409941,5602.870529152377
"May 07, 2025 02:10:56 PM",5602.75,5606.25,5599.0,5606.25,2056,2070174236872,2224793059128,5603.063594357976
"May 07, 2025 02:11:22 PM",5606.0,5610.5,5605.75,5610.5,2050,1571958030928,2723009265072,5608.177195121952
"May 07, 2025 02:11:47 PM",5610.5,5612.0,5604.5,5605.0,2117,2456721293103,1838246002897,5608.979333963155
"May 07, 2025 02:12:18 PM",5605.25,5605.5,5599.75,5602.75,2171,2443836391187,1851130904813,5602.376784891755
"May 07, 2025 02:12:55 PM",5602.75,5607.0,5601.75,5605.25,2075,1859720839377,2435246456623,5604.770361445783
"May 07, 2025 02:13:47 PM",5605.25,5608.75,5603.5,5604.75,1889,2065879269511,2229088026489,5606.150344097406
"May 07, 2025 02:14:50 PM",5604.5,5606.0,5601.75,5603.75,2065,2272037699469,2022929596531,5604.065375302664
"May 07, 2025 02:15:28 PM",5603.5,5605.0,5599.25,5599.25,1957,2439541423809,1855425872191,5601.724706182933
"May 07, 2025 02:16:13 PM",5599.25,5603.75,5598.5,5600.75,1836,2186138353608,2108828942392,5601.193218954249
"May 07, 2025 02:16:54 PM",5600.75,5601.0,5597.25,5599.5,1945,2272037699497,2022929596503,5599.029948586118
"May 07, 2025 02:17:31 PM",5599.5,5605.0,5599.25,5604.5,1953,1726576853403,2568390442597,5602.385048643113
"May 07, 2025 02:18:06 PM",5604.5,5608.5,5603.0,5608.5,2078,1919850381486,2375116914514,5606.102983638114
"May 07, 2025 02:18:51 PM",5608.25,5609.5,5604.25,5604.25,2067,2186138353629,2108828942371,5606.751088534107
"May 07, 2025 02:20:02 PM",5604.25,5608.75,5604.25,5607.5,1856,1984274890848,2310692405152,5606.3508890086205
"May 07, 2025 02:20:22 PM",5607.25,5614.5,5607.0,5614.25,2105,1644972474907,2649994821093,5611.6064133016625
"May 07, 2025 02:20:58 PM",5614.25,5616.5,5612.5,5616.5,2230,2100239007988,2194728288012,5614.373766816144
"May 07, 2025 02:21:28 PM",5616.5,5618.0,5612.0,5612.0,2226,2443836391126,1851130904874,5615.4842767295595
"May 07, 2025 02:22:13 PM",5612.0,5615.25,5608.0,5610.0,2099,2538325671583,1756641624417,5611.562767984755
"May 07, 2025 02:23:03 PM",5609.5,5616.0,5607.5,5615.75,1933,1846835937493,2448131358507,5611.125064666322
"May 07, 2025 02:24:21 PM",5615.25,5616.25,5612.0,5615.5,2200,2160368549864,2134598746136,5614.055227272727
"May 07, 2025 02:25:34 PM",5616.0,5616.0,5610.25,5612.0,1957,2392296783513,1902670512487,5612.517245784364
"May 07, 2025 02:27:16 PM",5612.0,5616.25,5611.5,5616.0,1911,2130303778981,2164663517019,5614.32326007326
"May 07, 2025 02:28:05 PM",5616.25,5620.25,5616.25,5619.25,2247,1786706395489,2508260900511,5618.594570538496
"May 07, 2025 02:29:30 PM",5619.25,5620.25,5617.0,5617.5,2078,2353642078016,1941325217984,5618.824711260828
"May 07, 2025 02:30:21 PM",5617.5,5618.0,5613.5,5613.75,1889,2422361554615,1872605741385,5615.614610905241
"May 07, 2025 02:31:05 PM",5613.75,5617.5,5611.25,5617.25,1761,2014339661995,2280627634005,5613.160704145372
"May 07, 2025 02:31:35 PM",5617.25,5623.0,5615.75,5622.5,1990,1649267442088,2645699853912,5619.326256281407
"May 07, 2025 02:32:03 PM",5622.5,5626.0,5621.25,5624.5,1995,1868310774095,2426656521905,5623.351629072682
"May 07, 2025 02:32:19 PM",5624.5,5630.0,5624.5,5626.0,2017,2048699400337,2246267895663,5627.419310857709
"May 07, 2025 02:33:00 PM",5626.0,5627.75,5622.5,5627.75,2116,2314987372418,1979979923582,5625.508270321361
"May 07, 2025 02:33:53 PM",5627.75,5629.5,5626.25,5628.75,1877,2203318222861,2091649073139,5628.152503995738
"May 07, 2025 02:34:27 PM",5629.0,5632.5,5626.75,5632.0,2289,1941325218127,2353642077873,5630.169069462648
"May 07, 2025 02:35:12 PM",5631.75,5631.75,5627.0,5627.75,1916,2491081031302,1803886264698,5629.194806889353
"May 07, 2025 02:35:46 PM",5627.5,5630.75,5623.5,5623.5,1903,2409476652909,1885490643091,5627.0859169732
"May 07, 2025 02:36:27 PM",5623.5,5628.0,5622.5,5628.0,1920,2065879269400,2229088026600,5625.30234375
"May 07, 2025 02:36:53 PM",5628.0,5634.75,5627.5,5632.75,2045,1563368096475,2731599199525,5631.9069682151585
"May 07, 2025 02:37:26 PM",5632.75,5636.75,5632.0,5636.25,1980,1851130904698,2443836391302,5634.964646464647
"May 07, 2025 02:38:05 PM",5635.75,5639.0,5635.5,5637.25,2068,2181843386418,2113123909582,5637.423718568665
"May 07, 2025 02:38:26 PM",5637.25,5639.0,5631.75,5633.75,2258,2615635082942,1679332213058,5634.806133746679
"May 07, 2025 02:39:00 PM",5633.75,5636.75,5629.75,5630.75,2126,2280627633788,2014339662212,5633.392756349953
"May 07, 2025 02:39:03 PM",5630.25,5631.25,5624.0,5625.5,2051,2375116914487,1919850381513,5627.331911262799
"May 07, 2025 02:39:19 PM",5625.5,5631.75,5624.75,5631.25,1760,2040109465716,2254857830284,5628.486931818182
"May 07, 2025 02:39:58 PM",5631.25,5636.75,5630.75,5636.5,2042,1808181231974,2486786064026,5633.387487757101
"May 07, 2025 02:40:36 PM",5636.75,5639.0,5633.75,5638.25,1988,1881195675838,2413771620162,5636.0456488933605
"May 07, 2025 02:41:24 PM",5638.0,5638.5,5633.5,5633.5,2066,2220498091746,2074469204254,5636.3965392061955
"May 07, 2025 02:42:04 PM",5633.5,5639.75,5632.75,5638.5,2250,1932735283330,2362232012670,5635.788555555556
"May 07, 2025 02:42:46 PM",5638.5,5639.5,5633.75,5638.5,2060,2186138353522,2108828942478,5636.73786407767
"May 07, 2025 02:43:32 PM",5638.5,5638.75,5632.5,5633.0,2191,2332167241501,1962800054499,5636.234596074852
"May 07, 2025 02:44:14 PM",5632.75,5637.5,5631.5,5633.0,2126,2276332666710,2018634629290,5635.261171213547
"May 07, 2025 02:44:46 PM",5633.0,5633.75,5630.0,5630.75,1897,2306397437805,1988569858195,5631.625988402741
"May 07, 2025 02:45:26 PM",5630.75,5636.0,5630.75,5634.75,2179,1975684956347,2319282339653,5633.484625975218
"May 07, 2025 02:46:04 PM",5634.5,5635.25,5628.25,5630.0,2036,2559800508078,1735166787922,5631.425589390963
"May 07, 2025 02:46:26 PM",5630.0,5630.25,5624.25,5627.25,1975,2486786063969,1808181232031,5626.732658227848
"May 07, 2025 02:47:07 PM",5627.25,5628.0,5625.25,5625.75,2021,1975684956213,2319282339787,5626.840178129639
"May 07, 2025 02:47:38 PM",5625.75,5630.0,5623.75,5623.75,1838,2143188680702,2151778615298,5626.068960826986
"May 07, 2025 02:48:20 PM",5623.75,5625.75,5621.0,5621.0,1990,2482491096660,1812476199340,5623.41067839196
"May 07, 2025 02:48:41 PM",5621.0,5621.5,5616.5,5619.0,1939,2375116914353,1919850381647,5618.921866941722
"May 07, 2025 02:49:06 PM",5619.0,5619.25,5612.5,5612.5,1836,2336462208798,1958505087202,5615.745642701525
"May 07, 2025 02:49:31 PM",5612.75,5613.0,5609.0,5610.25,2113,2585570311625,1709396984375,5611.285021296734
"May 07, 2025 02:49:50 PM",5610.25,5617.25,5609.5,5617.25,1914,1696512082264,2598455213736,5613.01815569488
"May 07, 2025 02:50:11 PM",5617.25,5621.0,5615.25,5618.25,1923,1769526526219,2525440769781,5618.118304732189
"May 07, 2025 02:50:37 PM",5618.25,5622.75,5616.25,5616.5,1966,2147483647924,2147483648076,5620.360630722279
"May 07, 2025 02:51:09 PM",5616.25,5618.25,5614.0,5618.0,1947,2199023255645,2095944040355,5616.205187467899
"May 07, 2025 02:51:49 PM",5617.75,5621.75,5614.5,5615.0,1883,1962800054331,2332167241669,5617.67551779076
"May 07, 2025 02:52:39 PM",5615.25,5619.25,5614.5,5614.5,2199,2074469203997,2220498092003,5617.24693042292
"May 07, 2025 02:53:14 PM",5614.5,5614.75,5609.75,5610.0,1933,2551210573389,1743756722611,5612.437920331092
"May 07, 2025 02:53:45 PM",5610.25,5619.5,5609.75,5618.75,1914,1769526526378,2525440769622,5615.365334378265
"May 07, 2025 02:54:22 PM",5618.75,5619.0,5613.0,5619.0,2028,2160368550012,2134598745988,5615.451306706114
"May 07, 2025 02:55:01 PM",5618.75,5622.5,5617.75,5622.25,2143,1872605741407,2422361554593,5620.378908072795
"May 07, 2025 02:55:24 PM",5622.25,5626.0,5620.75,5625.0,1909,1821066133901,2473901162099,5623.666317443688
"May 07, 2025 02:55:51 PM",5625.25,5630.0,5624.5,5629.5,1952,1795296330042,2499670965958,5627.194287909836
"May 07, 2025 02:56:23 PM",5629.5,5631.5,5627.75,5631.5,2169,2332167241731,1962800054269,5629.968764407561
"May 07, 2025 02:56:44 PM",5631.25,5634.75,5629.0,5634.75,2268,1919850381708,2375116914292,5631.979607583774
"May 07, 2025 02:57:00 PM",5634.75,5642.25,5634.5,5642.25,2162,1666447311634,2628519984366,5637.641419981499
"May 07, 2025 02:57:10 PM",5642.25,5643.5,5639.25,5640.75,2073,1958505087161,2336462208839,5641.593342981187
"May 07, 2025 02:57:25 PM",5641.0,5646.25,5640.0,5641.75,2178,1851130904858,2443836391142,5643.266988062443
"May 07, 2025 02:57:41 PM",5641.5,5649.25,5641.0,5648.25,1983,1786706395599,2508260900401,5646.289964699949
"May 07, 2025 02:58:04 PM",5648.5,5649.0,5645.0,5646.0,2026,2353642077974,1941325218026,5646.656836130306
"May 07, 2025 02:58:32 PM",5646.0,5648.5,5643.0,5647.25,2163,2254857830219,2040109465781,5646.200416088765
"May 07, 2025 02:59:00 PM",5647.25,5647.75,5641.5,5642.25,2026,2259152797544,2035814498456,5644.452492596249
"May 07, 2025 02:59:28 PM",5642.25,5646.0,5642.25,5642.75,2118,2031519531088,2263447764912,5644.131610009443
"May 07, 2025 03:00:10 PM",5643.0,5646.5,5642.75,5643.75,2183,2181843386437,2113123909563,5644.7880210719195
"May 07, 2025 03:00:20 PM",5643.75,5644.0,5637.0,5637.25,2105,2688649526581,1606317769419,5639.811520190024
"May 07, 2025 03:00:40 PM",5637.25,5645.5,5637.0,5644.75,2190,1911260446962,2383706849038,5641.687671232877
"May 07, 2025 03:01:21 PM",5644.75,5645.5,5640.75,5644.0,1962,2151778615226,2143188680774,5642.817915392457
"May 07, 2025 03:02:15 PM",5644.25,5644.75,5637.75,5638.25,1976,2349347110600,1945620185400,5640.835779352226
"May 07, 2025 03:02:51 PM",5638.25,5641.0,5634.75,5636.25,1919,2203318222777,2091649073223,5637.818134445023
"May 07, 2025 03:03:23 PM",5636.25,5641.25,5634.25,5640.0,1847,1825361100977,2469606195023,5636.983892799134
"May 07, 2025 03:04:23 PM",5640.0,5641.25,5637.0,5640.5,1859,1975684956271,2319282339729,5639.087816030124
"May 07, 2025 03:05:10 PM",5640.25,5642.5,5635.0,5636.0,1932,2177548418974,2117418877026,5638.918219461698
"May 07, 2025 03:05:55 PM",5636.0,5641.0,5634.75,5637.5,1907,2091649073257,2203318222743,5637.331803880441
"May 07, 2025 03:06:57 PM",5637.5,5639.75,5634.25,5639.25,2114,2143188680746,2151778615254,5637.139309366131
"May 07, 2025 03:07:57 PM",5639.25,5642.0,5637.0,5640.5,2072,1962800054298,2332167241702,5639.532335907336
"May 07, 2025 03:08:53 PM",5640.5,5643.25,5639.0,5642.5,2120,1894080577808,2400886718192,5641.432429245283
"May 07, 2025 03:09:21 PM",5642.5,5646.5,5642.5,5643.75,2105,1859720839533,2435246456467,5644.923277909738
"May 07, 2025 03:10:15 PM",5643.75,5644.75,5640.75,5644.0,2115,2220498091833,2074469204167,5643.0676122931445
"May 07, 2025 03:11:04 PM",5643.75,5644.0,5636.25,5636.5,1994,2529735736878,1765231559122,5639.664493480442
"May 07, 2025 03:11:27 PM",5636.75,5637.0,5631.25,5631.5,2097,2727304232331,1567663063669,5633.773843586076
"May 07, 2025 03:12:06 PM",5631.5,5634.5,5629.25,5629.25,2041,2323577306973,1971389989027,5632.424546790789
"May 07, 2025 03:12:48 PM",5629.25,5635.0,5629.0,5635.0,1984,1924145348872,2370821947128,5632.6840977822585
"May 07, 2025 03:13:20 PM",5635.0,5641.25,5635.0,5640.0,1962,1683627180404,2611340115596,5638.186544342508
"May 07, 2025 03:14:26 PM",5639.75,5641.5,5637.0,5641.0,2042,2199023255648,2095944040352,5639.425318315377
"May 07, 2025 03:15:27 PM",5641.0,5641.75,5636.25,5641.0,1882,2061584302210,2233382993790,5639.310441020191
"May 07, 2025 03:16:37 PM",5641.0,5641.5,5635.75,5635.75,1874,2503965933264,1791001362736,5638.583778014941
"May 07, 2025 03:17:12 PM",5635.75,5637.75,5631.25,5631.5,2083,2486786063809,1808181232191,5634.024843975036
"May 07, 2025 03:18:02 PM",5631.5,5638.5,5631.0,5633.5,1950,2061584302132,2233382993868,5635.191153846154
"May 07, 2025 03:18:30 PM",5633.5,5634.0,5629.25,5630.5,2100,2336462208740,1958505087260,5631.304880952381
"May 07, 2025 03:19:14 PM",5630.5,5633.5,5628.5,5633.25,2099,2134598746133,2160368549867,5631.18139590281
"May 07, 2025 03:19:50 PM",5633.25,5640.75,5633.0,5640.0,2044,1627792605768,2667174690232,5637.974559686889
"May 07, 2025 03:20:36 PM",5639.75,5642.5,5637.25,5639.0,2076,2164663517124,2130303778876,5640.232418111754
"May 07, 2025 03:21:38 PM",5638.75,5640.75,5634.75,5635.25,1896,2314987372310,1979979923690,5637.683148734177
"May 07, 2025 03:22:58 PM",5635.0,5639.75,5635.0,5636.5,2046,1954210119782,2340757176218,5637.347018572825
"May 07, 2025 03:24:11 PM",5636.5,5638.75,5634.0,5634.75,2231,2353642077699,1941325218301,5635.76759300762
"May 07, 2025 03:24:55 PM",5634.75,5635.75,5630.0,5631.0,2160,2413771620140,1881195675860,5632.874189814815
"May 07, 2025 03:25:24 PM",5631.25,5632.0,5626.5,5627.0,2329,2765958937873,1529008358127,5629.459961356805
"May 07, 2025 03:25:44 PM",5627.0,5627.25,5624.0,5624.5,2390,2516850834696,1778116461304,5625.5692468619245
"May 07, 2025 03:26:23 PM",5625.0,5627.0,5623.75,5625.5,2311,2100239007597,2194728288403,5625.141389009087
"May 07, 2025 03:26:49 PM",5625.5,5625.5,5619.0,5619.5,2204,2568390442394,1726576853606,5621.94056261343
"May 07, 2025 03:27:10 PM",5619.5,5619.75,5616.5,5617.25,1838,2254857830258,2040109465742,5618.206338411316
"May 07, 2025 03:27:35 PM",5617.5,5618.25,5614.0,5615.25,1917,2340757176153,1954210119847,5616.224700052165
"May 07, 2025 03:28:11 PM",5615.25,5619.5,5613.75,5617.25,1956,1962800054394,2332167241606,5617.043328220859
"May 07, 2025 03:28:58 PM",5617.5,5621.0,5615.25,5620.75,2179,1829656068459,2465311227541,5617.475332721432
"May 07, 2025 03:29:33 PM",5620.75,5620.75,5613.5,5613.75,2147,2379411881663,1915555414337,5616.290870982767
"May 07, 2025 03:30:16 PM",5614.0,5617.75,5613.25,5613.75,2341,2297807503315,1997159792685,5615.157945322511
"May 07, 2025 03:30:57 PM",5613.75,5620.5,5613.5,5618.5,2026,1713691951516,2581275344484,5617.743706811451
"May 07, 2025 03:31:29 PM",5618.25,5619.5,5614.5,5617.5,2149,2181843386465,2113123909535,5617.215798045602
"May 07, 2025 03:32:15 PM",5617.5,5620.75,5616.0,5617.5,2082,2005749727338,2289217568662,5618.0100864553315
"May 07, 2025 03:33:16 PM",5617.5,5619.25,5615.0,5615.5,2017,2190433320693,2104533975307,5616.554164600892
"May 07, 2025 03:34:03 PM",5615.5,5621.75,5615.5,5616.5,2211,2027224563871,2267742732129,5619.065581184984
"May 07, 2025 03:34:40 PM",5616.5,5618.25,5612.75,5613.0,2301,2624225017373,1670742278627,5615.139939156888
"May 07, 2025 03:35:20 PM",5613.0,5614.0,5611.25,5613.0,2188,2345052143372,1949915152628,5612.530621572212
"May 07, 2025 03:36:05 PM",5613.0,5618.25,5612.25,5618.25,2311,1657857376599,2637109919401,5615.059281696235
"May 07, 2025 03:36:39 PM",5618.25,5622.25,5616.5,5620.5,2079,1649267442131,2645699853869,5620.0282587782585
"May 07, 2025 03:37:16 PM",5620.75,5625.5,5620.25,5624.75,2176,1679332213244,2615635082756,5623.437614889706
"May 07, 2025 03:38:02 PM",5624.75,5629.25,5623.5,5628.75,2478,1975684956600,2319282339400,5626.065173527038
"May 07, 2025 03:38:34 PM",5628.75,5629.0,5622.0,5623.25,2249,2512555867811,1782411428189,5624.736104935527
"May 07, 2025 03:39:21 PM",5623.25,5624.75,5620.0,5621.25,2233,2314987372407,1979979923593,5622.403381101657
"May 07, 2025 03:40:12 PM",5621.25,5626.75,5619.5,5626.0,2246,1962800054418,2332167241582,5622.978517364203
"May 07, 2025 03:40:50 PM",5626.0,5629.75,5623.0,5624.0,2108,2259152797686,2035814498314,5627.100332068311
"May 07, 2025 03:41:35 PM",5624.0,5633.5,5622.25,5631.75,2932,1932735284096,2362232011904,5627.971947476126
"May 07, 2025 03:41:44 PM",5631.5,5640.0,5630.75,5639.75,2391,1868310774061,2426656521939,5635.139272271016
"May 07, 2025 03:41:51 PM",5639.5,5642.25,5633.75,5638.25,2595,2057289334681,2237677961319,5638.3
"May 07, 2025 03:42:01 PM",5638.0,5647.25,5637.5,5646.5,2171,1889785610571,2405181685429,5642.266467065869
"May 07, 2025 03:42:07 PM",5646.5,5652.75,5646.5,5651.0,2340,1821066133940,2473901162060,5649.962179487179
"May 07, 2025 03:42:14 PM",5650.75,5659.0,5650.75,5657.25,2290,1662152344208,2632814951792,5655.173908296943
"May 07, 2025 03:42:20 PM",5657.0,5661.75,5656.75,5658.25,2130,2156073582744,2138893713256,5659.732159624413
"May 07, 2025 03:42:28 PM",5657.75,5662.0,5654.25,5655.25,2396,2366526979822,1928440316178,5658.34307178631
"May 07, 2025 03:42:40 PM",5655.25,5666.0,5653.25,5665.75,1994,1864015806700,2430951489300,5659.078736208626
"May 07, 2025 03:42:50 PM",5665.5,5665.75,5660.0,5661.75,2160,2143188680740,2151778615260,5663.572800925926
"May 07, 2025 03:43:01 PM",5661.75,5667.0,5661.75,5665.75,2646,2014339662166,2280627633834,5665.072845804989
"May 07, 2025 03:43:09 PM",5665.75,5674.5,5665.0,5674.25,2254,1627792606030,2667174689970,5669.63908606921
"May 07, 2025 03:43:22 PM",5674.0,5674.75,5669.25,5673.0,2373,2001454759943,2293512536057,5672.050990307627
"May 07, 2025 03:43:38 PM",5673.75,5675.0,5666.5,5666.5,2112,2486786063986,1808181232014,5670.723011363636
"May 07, 2025 03:43:57 PM",5666.5,5670.25,5664.75,5667.5,1912,2048699400322,2246267895678,5667.3492416317995
"May 07, 2025 03:44:16 PM",5667.25,5668.5,5661.0,5661.25,2042,2426656521934,1868310774066,5665.474289911851
"May 07, 2025 03:44:29 PM",5661.25,5661.75,5655.0,5656.25,2016,2392296783540,1902670512460,5657.855034722223
"May 07, 2025 03:44:47 PM",5656.25,5658.75,5653.0,5655.5,2136,1833951035372,2461016260628,5656.05161516854
"May 07, 2025 03:45:02 PM",5655.5,5661.75,5652.75,5661.5,2193,1760936591827,2534030704173,5657.038531691746
"May 07, 2025 03:45:16 PM",5661.25,5665.25,5659.75,5663.75,1775,1756641624367,2538325671633,5662.747887323943
"May 07, 2025 03:45:44 PM",5663.75,5666.0,5661.0,5661.0,1966,2173253451878,2121713844122,5663.876271617498
"May 07, 2025 03:46:13 PM",5661.0,5663.0,5654.75,5655.0,1902,2396591750960,1898375545040,5659.5682176656155
"May 07, 2025 03:46:27 PM",5654.75,5656.75,5649.75,5656.75,2193,2323577306863,1971389989137,5652.728910168718
"May 07, 2025 03:47:03 PM",5657.0,5657.75,5648.5,5648.5,2037,2121713844123,2173253451877,5654.124570446736
"May 07, 2025 03:47:13 PM",5648.25,5650.75,5644.75,5646.25,2890,2375116913586,1919850382414,5647.1193771626295
"May 07, 2025 03:47:32 PM",5646.25,5648.5,5640.75,5643.25,2423,2186138353439,2108828942561,5645.287247214197
"May 07, 2025 03:47:50 PM",5643.0,5648.0,5642.5,5644.5,2692,1958505087264,2336462208736,5645.456259286776
"May 07, 2025 03:48:14 PM",5644.25,5651.0,5641.75,5647.5,2267,2078764171179,2216203124821,5648.015218350242
"May 07, 2025 03:48:42 PM",5647.25,5652.75,5644.0,5652.25,2269,1898375544725,2396591751275,5648.252203613927
"May 07, 2025 03:49:05 PM",5652.5,5654.0,5647.75,5648.5,2272,2083059138486,2211908157514,5650.771236795775
"May 07, 2025 03:49:36 PM",5648.25,5649.25,5641.5,5643.0,2419,2259152797609,2035814498391,5644.968788755684
"May 07, 2025 03:50:00 PM",5643.0,5644.5,5635.75,5635.75,2630,2138893713130,2156073582870,5640.81891634981
"May 07, 2025 03:50:05 PM",5635.75,5637.5,5632.0,5635.25,1963,2057289334873,2237677961127,5634.4955425369335
"May 07, 2025 03:50:18 PM",5635.5,5635.75,5629.0,5630.25,1887,2284922601261,2010044694739,5632.740990990991
"May 07, 2025 03:50:33 PM",5630.0,5632.5,5627.75,5631.75,2070,2254857830332,2040109465668,5630.417270531401
"May 07, 2025 03:50:58 PM",5631.5,5634.0,5627.0,5632.25,2288,2177548419024,2117418876976,5630.910074300699
"May 07, 2025 03:51:15 PM",5632.5,5633.0,5626.5,5633.0,2189,2061584302083,2233382993917,5628.779693924166
"May 07, 2025 03:51:33 PM",5633.0,5638.75,5632.75,5636.75,2406,1846835937706,2448131358294,5635.455839567748
"May 07, 2025 03:52:01 PM",5637.0,5641.0,5636.0,5639.5,2176,1967095021752,2327872274248,5638.165556066177
"May 07, 2025 03:52:19 PM",5639.25,5646.0,5638.5,5646.0,2121,1739461755339,2555505540661,5642.916784535596
"May 07, 2025 03:52:49 PM",5646.0,5647.5,5643.5,5645.75,2032,2370821947192,1924145348808,5645.889394685039
"May 07, 2025 03:53:20 PM",5645.75,5649.25,5643.25,5643.5,2400,2237677960944,2057289335056,5646.519375
"May 07, 2025 03:53:59 PM",5643.5,5647.25,5641.75,5644.5,2134,2181843386310,2113123909690,5644.643041237114
"May 07, 2025 03:54:32 PM",5644.5,5646.5,5640.75,5641.75,2017,2370821947125,1924145348875,5643.036936043629
"May 07, 2025 03:54:54 PM",5641.5,5647.25,5641.5,5644.25,2515,1967095021639,2327872274361,5645.061033797217
"May 07, 2025 03:55:11 PM",5644.25,5646.5,5640.0,5640.75,2201,2400886718255,1894080577745,5643.08144025443
"May 07, 2025 03:55:34 PM",5640.5,5645.5,5638.0,5644.75,2088,2113123909684,2181843386316,5641.170378352491
"May 07, 2025 03:56:02 PM",5645.0,5651.0,5644.5,5650.75,2123,1778116461127,2516850834873,5648.300871408384
"May 07, 2025 03:56:30 PM",5650.75,5653.0,5649.75,5650.0,2027,2113123909647,2181843386353,5651.616181549088
"May 07, 2025 03:57:10 PM",5650.5,5652.25,5648.0,5651.25,2350,2186138353706,2108828942294,5649.929787234042
"May 07, 2025 03:58:02 PM",5651.25,5653.0,5649.75,5652.25,2296,2177548419214,2117418876786,5651.917574041812
"May 07, 2025 03:58:47 PM",5652.25,5652.25,5648.5,5651.75,2850,2435246456430,1859720839570,5650.610263157895
"May 07, 2025 03:59:23 PM",5651.5,5653.25,5650.25,5652.75,2549,2216203124763,2078764171237,5651.510003923107
"May 07, 2025 03:59:47 PM",5652.75,5656.5,5652.5,5653.75,2433,1967095021979,2327872274021,5654.751952322236
"May 07, 2025 03:59:58 PM",5653.75,5655.75,5648.0,5648.5,2709,2400886717877,1894080578123,5651.173680324843
"May 07, 2025 04:00:08 PM",5648.5,5655.0,5648.0,5654.75,2664,1632087572630,2662879723370,5650.505724474475
"May 07, 2025 04:00:56 PM",5654.75,5659.0,5652.25,5658.75,2775,1885490643539,2409476652461,5655.385675675676
"May 07, 2025 04:01:38 PM",5658.75,5661.0,5654.0,5656.25,2293,2345052143533,1949915152467,5657.902420409943
"May 07, 2025 04:03:25 PM",5656.0,5656.25,5649.0,5651.5,2460,2413771619888,1881195676112,5652.420731707317
"May 07, 2025 04:06:38 PM",5651.75,5654.0,5649.0,5649.0,2254,2181843386276,2113123909724,5651.760425909494
"May 07, 2025 04:09:07 PM",5649.0,5649.75,5645.75,5645.75,2432,2495375998498,1799591297502,5647.707956414473
"May 07, 2025 04:12:06 PM",5646.0,5649.75,5644.25,5649.75,2279,2040109465535,2254857830465,5646.759324265028
"May 07, 2025 04:17:24 PM",5649.75,5652.75,5647.75,5652.75,2192,1984274890966,2310692405034,5650.2683622262775
"May 07, 2025 04:24:05 PM",5652.75,5652.75,5645.5,5646.25,2348,2306397437590,1988569858410,5648.616269165247
"May 07, 2025 04:34:05 PM",5646.25,5647.75,5642.75,5643.75,2382,2353642077844,1941325218156,5644.823467674223
"May 07, 2025 04:48:17 PM",5643.75,5646.25,5642.75,5645.0,2678,1816771166894,2478196129106,5644.70285660941
"May 07, 2025 06:01:06 PM",5645.25,5647.5,5638.75,5641.0,2667,2164663517233,2134598746015,5644.665916760405
"May 07, 2025 06:07:36 PM",5640.5,5642.25,5636.5,5639.75,2138,2177548419008,2117418876992,5639.295252572498
"May 07, 2025 06:17:12 PM",5639.75,5644.0,5639.5,5640.0,2301,2194728288241,2100239007759,5641.8057366362455
"May 07, 2025 06:27:21 PM",5640.25,5645.5,5638.25,5644.75,2505,1855425872243,2439541423757,5641.853493013972
"May 07, 2025 06:42:16 PM",5644.5,5648.0,5644.25,5646.75,2566,2087354105952,2207613190048,5646.506040530007
"May 07, 2025 07:00:13 PM",5647.0,5647.75,5644.25,5644.75,2933,2156073582279,2138893713721,5645.739345380157
"May 07, 2025 07:11:49 PM",5644.75,5649.75,5644.5,5648.25,2437,1782411427977,2512555868023,5647.636233073451
"May 07, 2025 07:33:28 PM",5648.5,5651.75,5647.25,5650.25,2412,1838246002982,2456721293018,5649.488184079602
"May 07, 2025 07:50:36 PM",5650.25,5650.25,5644.5,5645.25,2329,2379411881589,1915555414411,5647.2736152855305
